fantasy_player_id,player_first_name,player_last_name,nba_player_id
410.p.3704,LeBron,James,2544.0
410.p.3706,Carmelo,Anthony,2546.0
410.p.3754,Kyle,Korver,2594.0
410.p.3765,Udonis,Haslem,2617.0
410.p.3818,Dwight,Howard,2730.0
410.p.3826,Andre,Iguodala,2738.0
410.p.3847,Anderson,Varejao,2760.0
410.p.3860,Trevor,Ariza,2772.0
410.p.3928,Marvin,Williams,101107.0
410.p.3930,Chris,Paul,101108.0
410.p.3944,Gerald,Green,101123.0
410.p.3960,C.J.,Miles,101139.0
410.p.3962,Ersan,Ilyasova,101141.0
410.p.3971,Lou,Williams,101150.0
410.p.4130,LaMarcus,Aldridge,200746.0
410.p.4136,Rudy,Gay,200752.0
410.p.4139,JJ,Redick,200755.0
410.p.4149,Rajon,Rondo,200765.0
410.p.4152,Kyle,Lowry,200768.0
410.p.4163,P.J.,Tucker,200782.0
410.p.4175,Paul,Millsap,200794.0
410.p.4244,Kevin,Durant,201142.0
410.p.4245,Al,Horford,201143.0
410.p.4246,Mike,Conley,201144.0
410.p.4247,Jeff,Green,201145.0
410.p.4290,Thaddeus,Young,201152.0
410.p.4300,Jared,Dudley,201162.0
410.p.4325,Marc,Gasol,201188.0
410.p.4371,Anthony,Tolliver,201229.0
410.p.4387,Derrick,Rose,201565.0
410.p.4388,Michael,Beasley,201563.0
410.p.4390,Russell,Westbrook,201566.0
410.p.4391,Kevin,Love,201567.0
410.p.4468,Danilo,Gallinari,201568.0
410.p.4469,Eric,Gordon,201569.0
410.p.4471,D.J.,Augustin,201571.0
410.p.4472,Brook,Lopez,201572.0
410.p.4473,Jerryd,Bayless,201573.0
410.p.4477,Robin,Lopez,201577.0
410.p.4480,JaVale,McGee,201580.0
410.p.4483,Ryan,Anderson,201583.0
410.p.4484,Courtney,Lee,201584.0
410.p.4486,Serge,Ibaka,201586.0
410.p.4487,Nicolas,Batum,201587.0
410.p.4488,George,Hill,201588.0
410.p.4497,DeAndre,Jordan,201599.0
410.p.4498,Luc Richard,Mbah a Moute,201601.0
410.p.4507,Goran,Dragic,201609.0
410.p.4561,Blake,Griffin,201933.0
410.p.4563,James,Harden,201935.0
410.p.4610,Ricky,Rubio,201937.0
410.p.4612,Stephen,Curry,201939.0
410.p.4614,DeMar,DeRozan,201942.0
410.p.4621,James,Johnson,201949.0
410.p.4622,Jrue,Holiday,201950.0
410.p.4624,Jeff,Teague,201952.0
410.p.4631,Taj,Gibson,201959.0
410.p.4632,DeMarre,Carroll,201960.0
410.p.4633,Wayne,Ellington,201961.0
410.p.4646,Jodie,Meeks,201975.0
410.p.4647,Patrick,Beverley,201976.0
410.p.4651,Danny,Green,201980.0
410.p.4660,Patty,Mills,201988.0
410.p.4682,Garrett,Temple,202066.0
410.p.4694,Wesley,Matthews,202083.0
410.p.4716,John,Wall,202322.0
410.p.4718,Derrick,Favors,202324.0
410.p.4720,DeMarcus,Cousins,202326.0
410.p.4723,Al-Farouq,Aminu,202329.0
410.p.4724,Gordon,Hayward,202330.0
410.p.4725,Paul,George,202331.0
410.p.4728,Ed,Davis,202334.0
410.p.4729,Patrick,Patterson,202335.0
410.p.4749,Eric,Bledsoe,202339.0
410.p.4750,Avery,Bradley,202340.0
410.p.4764,Hassan,Whiteside,202355.0
410.p.4766,Nemanja,Bjelica,202357.0
410.p.4800,Ish,Smith,202397.0
410.p.4833,Elijah,Millsap,202407.0
410.p.4840,Kyrie,Irving,202681.0
410.p.4884,Tristan,Thompson,202684.0
410.p.4886,Jonas,Valanciunas,202685.0
410.p.4888,Bismack,Biyombo,202687.0
410.p.4889,Brandon,Knight,202688.0
410.p.4890,Kemba,Walker,202689.0
410.p.4892,Klay,Thompson,202691.0
410.p.4893,Alec,Burks,202692.0
410.p.4894,Markieff,Morris,202693.0
410.p.4895,Marcus,Morris Sr.,202694.0
410.p.4896,Kawhi,Leonard,202695.0
410.p.4897,Nikola,Vucevic,202696.0
410.p.4898,Iman,Shumpert,202697.0
410.p.4899,Enes,Freedom,202683.0
410.p.4901,Tobias,Harris,202699.0
410.p.4904,Kenneth,Faried,202702.0
410.p.4906,Reggie,Jackson,202704.0
410.p.4911,Cory,Joseph,202709.0
410.p.4912,Jimmy,Butler,202710.0
410.p.4913,Bojan,Bogdanovic,202711.0
410.p.4916,Shelvin,Mack,202714.0
410.p.4926,Davis,Bertans,202722.0
410.p.4937,E'Twaun,Moore,202734.0
410.p.4942,Isaiah,Thomas,202738.0
410.p.4966,Lance,Thomas,202498.0
410.p.4969,Brad,Wanamaker,202954.0
410.p.5007,Anthony,Davis,203076.0
410.p.5008,Michael,Kidd-Gilchrist,203077.0
410.p.5009,Bradley,Beal,203078.0
410.p.5010,Dion,Waiters,203079.0
410.p.5012,Damian,Lillard,203081.0
410.p.5013,Harrison,Barnes,203084.0
410.p.5014,Terrence,Ross,203082.0
410.p.5015,Andre,Drummond,203083.0
410.p.5016,Austin,Rivers,203085.0
410.p.5017,Meyers,Leonard,203086.0
410.p.5018,Jeremy,Lamb,203087.0
410.p.5020,John,Henson,203089.0
410.p.5021,Moe,Harkless,203090.0
410.p.5023,Tyler,Zeller,203092.0
410.p.5054,Evan,Fournier,203095.0
410.p.5058,Jared,Cunningham,203099.0
410.p.5066,Tomas,Satoransky,203107.0
410.p.5068,Jae,Crowder,203109.0
410.p.5069,Draymond,Green,203110.0
410.p.5073,Khris,Middleton,203114.0
410.p.5074,Will,Barton,203115.0
410.p.5077,Mike,Scott,203118.0
410.p.5080,Darius,Miller,203121.0
410.p.5102,Kent,Bazemore,203145.0
410.p.5142,Justin,Holiday,203200.0
410.p.5150,Aron,Baynes,203382.0
410.p.5153,Victor,Oladipo,203506.0
410.p.5154,Otto,Porter Jr.,203490.0
410.p.5155,Cody,Zeller,203469.0
410.p.5156,Alex,Len,203458.0
410.p.5157,Nerlens,Noel,203457.0
410.p.5158,Ben,McLemore,203463.0
410.p.5159,Kentavious,Caldwell-Pope,203484.0
410.p.5160,Trey,Burke,203504.0
410.p.5161,CJ,McCollum,203468.0
410.p.5162,Michael,Carter-Williams,203487.0
410.p.5163,Steven,Adams,203500.0
410.p.5164,Kelly,Olynyk,203482.0
410.p.5185,Giannis,Antetokounmpo,203507.0
410.p.5187,Dennis,Schroder,203471.0
410.p.5190,Tony,Snell,203503.0
410.p.5191,Gorgui,Dieng,203476.0
410.p.5192,Mason,Plumlee,203486.0
410.p.5193,Solomon,Hill,203524.0
410.p.5194,Tim,Hardaway Jr.,203501.0
410.p.5195,Reggie,Bullock,203493.0
410.p.5196,Andre,Roberson,203460.0
410.p.5197,Rudy,Gobert,203497.0
410.p.5201,Allen,Crabbe,203459.0
410.p.5214,Mike,Muscala,203488.0
410.p.5217,Raul,Neto,203526.0
410.p.5220,James,Ennis III,203516.0
410.p.5245,Seth,Curry,203552.0
410.p.5249,Matthew,Dellavedova,203521.0
410.p.5253,Robert,Covington,203496.0
410.p.5256,Dewayne,Dedmon,203473.0
410.p.5262,JaMychal,Green,203210.0
410.p.5270,Rodney,McGruder,203585.0
410.p.5281,James,Nunnally,203263.0
410.p.5291,Scotty,Hopson,203816.0
410.p.5292,Andrew,Wiggins,203952.0
410.p.5293,Jabari,Parker,203953.0
410.p.5294,Joel,Embiid,203954.0
410.p.5295,Aaron,Gordon,203932.0
410.p.5316,Danté,Exum,203957.0
410.p.5317,Marcus,Smart,203935.0
410.p.5318,Julius,Randle,203944.0
410.p.5320,Noah,Vonleh,203943.0
410.p.5321,Elfrid,Payton,203901.0
410.p.5322,Doug,McDermott,203926.0
410.p.5323,Dario,Saric,203967.0
410.p.5324,Zach,LaVine,203897.0
410.p.5325,T.J.,Warren,203933.0
410.p.5327,Jusuf,Nurkic,203994.0
410.p.5330,Gary,Harris,203914.0
410.p.5334,Rodney,Hood,203918.0
410.p.5336,Clint,Capela,203991.0
410.p.5338,Bogdan,Bogdanovic,203992.0
410.p.5341,Kyle,Anderson,203937.0
410.p.5344,Joe,Harris,203925.0
410.p.5347,Johnny,O'Bryant III,203948.0
410.p.5349,Spencer,Dinwiddie,203915.0
410.p.5350,Jerami,Grant,203924.0
410.p.5351,Glenn,Robinson III,203922.0
410.p.5352,Nikola,Jokic,203999.0
410.p.5356,Dwight,Powell,203939.0
410.p.5357,Jordan,Clarkson,203903.0
410.p.5362,Thanasis,Antetokounmpo,203648.0
410.p.5376,Tyler,Johnson,204020.0
410.p.5383,Tarik,Black,204028.0
410.p.5388,Langston,Galloway,204038.0
410.p.5389,Travis,Wear,204037.0
410.p.5390,Khem,Birch,203920.0
410.p.5393,Joe,Ingles,204060.0
410.p.5414,Tim,Frazier,204025.0
410.p.5417,Jakarr,Sampson,203960.0
410.p.5420,David,Stockton,204065.0
410.p.5432,Karl-Anthony,Towns,1626157.0
410.p.5433,D'Angelo,Russell,1626156.0
410.p.5434,Jahlil,Okafor,1626143.0
410.p.5464,Kristaps,Porzingis,204001.0
410.p.5466,Willie,Cauley-Stein,1626161.0
410.p.5467,Emmanuel,Mudiay,1626144.0
410.p.5468,Stanley,Johnson,1626169.0
410.p.5469,Frank,Kaminsky,1626163.0
410.p.5470,Justise,Winslow,1626159.0
410.p.5471,Myles,Turner,1626167.0
410.p.5472,Trey,Lyles,1626168.0
410.p.5473,Devin,Booker,1626164.0
410.p.5474,Cameron,Payne,1626166.0
410.p.5475,Kelly,Oubre Jr.,1626162.0
410.p.5476,Terry,Rozier,1626179.0
410.p.5478,Sam,Dekker,1626155.0
410.p.5480,Delon,Wright,1626153.0
410.p.5481,Justin,Anderson,1626147.0
410.p.5482,Bobby,Portis,1626171.0
410.p.5483,Rondae,Hollis-Jefferson,1626178.0
410.p.5484,Tyus,Jones,1626145.0
410.p.5487,Larry,Nance Jr.,1626204.0
410.p.5490,Kevon,Looney,1626172.0
410.p.5491,Cedi,Osman,1626224.0
410.p.5492,Montrezl,Harrell,1626149.0
410.p.5495,Guillermo,Hernangómez,1626195.0
410.p.5497,Richaun,Holmes,1626158.0
410.p.5500,Josh,Richardson,1626196.0
410.p.5501,Pat,Connaughton,1626192.0
410.p.5506,Norman,Powell,1626181.0
410.p.5522,Cristiano,Felicio,1626245.0
410.p.5524,Boban,Marjanovic,1626246.0
410.p.5526,Jonathon,Simmons,203613.0
410.p.5528,Axel,Toupane,1626253.0
410.p.5539,Treveon,Graham,1626203.0
410.p.5542,Michael,Frazier,1626187.0
410.p.5575,Omari,Johnson,204179.0
410.p.5576,Keifer,Sykes,1626208.0
410.p.5582,T.J.,McConnell,204456.0
410.p.5583,Christian,Wood,1626174.0
410.p.5588,Quinn,Cook,1626188.0
410.p.5600,Ben,Simmons,1627732.0
410.p.5601,Brandon,Ingram,1627742.0
410.p.5602,Jaylen,Brown,1627759.0
410.p.5636,Kris,Dunn,1627739.0
410.p.5637,Buddy,Hield,1627741.0
410.p.5638,Jamal,Murray,1627750.0
410.p.5639,Marquese,Chriss,1627737.0
410.p.5640,Jakob,Poeltl,1627751.0
410.p.5641,Thon,Maker,1627748.0
410.p.5642,Domantas,Sabonis,1627734.0
410.p.5643,Taurean,Prince,1627752.0
410.p.5645,Denzel,Valentine,1627756.0
410.p.5646,Juancho,Hernangómez,1627823.0
410.p.5650,Malik,Beasley,1627736.0
410.p.5651,Caris,LeVert,1627747.0
410.p.5652,DeAndre',Bembry,1627761.0
410.p.5655,Timothé,Luwawu-Cabarrot,1627789.0
410.p.5657,Furkan,Korkmaz,1627788.0
410.p.5658,Pascal,Siakam,1627783.0
410.p.5660,Dejounte,Murray,1627749.0
410.p.5661,Damian,Jones,1627745.0
410.p.5663,Ivica,Zubac,1627826.0
410.p.5664,Cheick,Diallo,1627767.0
410.p.5667,Malcolm,Brogdon,1627763.0
410.p.5669,Patrick,McCaw,1627775.0
410.p.5678,Jake,Layman,1627774.0
410.p.5681,Georges,Niang,1627777.0
410.p.5684,Petr,Cornelie,1627822.0
410.p.5689,Abdel,Nader,1627846.0
410.p.5693,Dorian,Finney-Smith,1627827.0
410.p.5695,Ryan,Arcidiacono,1627853.0
410.p.5706,Chasson,Randle,1626184.0
410.p.5708,Wayne,Selden Jr.,1627782.0
410.p.5720,Yogi,Ferrell,1627812.0
410.p.5726,Bryn,Forbes,1627854.0
410.p.5727,Fred,VanVleet,1627832.0
410.p.5728,Danuel,House Jr.,1627863.0
410.p.5733,Damion,Lee,1627814.0
410.p.5739,Gary,Payton II,1627780.0
410.p.5746,Shaquille,Harrison,1627885.0
410.p.5747,Derrick,Jones Jr.,1627884.0
410.p.5754,Alex,Caruso,1627936.0
410.p.5762,David,Nwaba,1628021.0
410.p.5763,Markelle,Fultz,1628365.0
410.p.5764,Lonzo,Ball,1628366.0
410.p.5765,Jayson,Tatum,1628369.0
410.p.5766,Josh,Jackson,1628367.0
410.p.5767,De'Aaron,Fox,1628368.0
410.p.5768,Jonathan,Isaac,1628371.0
410.p.5769,Lauri,Markkanen,1628374.0
410.p.5821,Frank,Ntilikina,1628373.0
410.p.5822,Dennis,Smith Jr.,1628372.0
410.p.5823,Zach,Collins,1628380.0
410.p.5824,Malik,Monk,1628370.0
410.p.5825,Luke,Kennard,1628379.0
410.p.5826,Donovan,Mitchell,1628378.0
410.p.5827,Bam,Adebayo,1628389.0
410.p.5828,Justin,Jackson,1628382.0
410.p.5829,Justin,Patton,1628383.0
410.p.5830,D.J.,Wilson,1628391.0
410.p.5831,TJ,Leaf,1628388.0
410.p.5832,John,Collins,1628381.0
410.p.5833,Harry,Giles III,1628385.0
410.p.5834,Terrance,Ferguson,1628390.0
410.p.5835,Jarrett,Allen,1628386.0
410.p.5836,OG,Anunoby,1628384.0
410.p.5838,Anzejs,Pasecniks,1628394.0
410.p.5839,Caleb,Swanigan,1628403.0
410.p.5840,Kyle,Kuzma,1628398.0
410.p.5841,Tony,Bradley,1628396.0
410.p.5842,Derrick,White,1628401.0
410.p.5843,Josh,Hart,1628404.0
410.p.5844,Frank,Jackson,1628402.0
410.p.5845,Davon,Reed,1628432.0
410.p.5846,Wes,Iwundu,1628411.0
410.p.5847,Frank,Mason III,1628412.0
410.p.5849,Jonah,Bolden,1628413.0
410.p.5850,Semi,Ojeleye,1628400.0
410.p.5851,Jordan,Bell,1628395.0
410.p.5853,Dwayne,Bacon,1628407.0
410.p.5855,Thomas,Bryant,1628418.0
410.p.5856,Isaiah,Hartenstein,1628392.0
410.p.5857,Damyean,Dotson,1628422.0
410.p.5858,Dillon,Brooks,1628415.0
410.p.5859,Sterling,Brown,1628425.0
410.p.5861,Sindarius,Thornwell,1628414.0
410.p.5862,Vlatko,Cancar,1628427.0
410.p.5864,Monte,Morris,1628420.0
410.p.5865,Edmond,Sumner,1628410.0
410.p.5874,Mike,James,2229.0
410.p.5880,Daniel,Theis,1628464.0
410.p.5886,PJ,Dozier,1628408.0
410.p.5892,Maxi,Kleber,1628467.0
410.p.5893,Torrey,Craig,1628470.0
410.p.5894,Chris,Boucher,1628449.0
410.p.5895,Cameron,Oliver,1628419.0
410.p.5899,Derrick,Walton Jr.,1628476.0
410.p.5903,Luke,Kornet,1628436.0
410.p.5904,Alfonzo,McKinnie,1628035.0
410.p.5905,Royce,O'Neale,1626220.0
410.p.5932,Amida,Brimah,1628578.0
410.p.5954,Jaylen,Morris,1628537.0
410.p.5958,Deandre,Ayton,1629028.0
410.p.5959,Marvin,Bagley III,1628963.0
410.p.6014,Luka,Doncic,1629029.0
410.p.6015,Jaren,Jackson Jr.,1628991.0
410.p.6016,Trae,Young,1629027.0
410.p.6017,Mo,Bamba,1628964.0
410.p.6018,Wendell,Carter Jr.,1628976.0
410.p.6019,Collin,Sexton,1629012.0
410.p.6020,Kevin,Knox II,1628995.0
410.p.6021,Mikal,Bridges,1628969.0
410.p.6022,Shai,Gilgeous-Alexander,1628983.0
410.p.6023,Miles,Bridges,1628970.0
410.p.6024,Jerome,Robinson,1629010.0
410.p.6025,Michael,Porter Jr.,1629008.0
410.p.6026,Troy,Brown Jr.,1628972.0
410.p.6028,Donte,DiVincenzo,1628978.0
410.p.6029,Lonnie,Walker IV,1629022.0
410.p.6030,Kevin,Huerter,1628989.0
410.p.6031,Josh,Okogie,1629006.0
410.p.6032,Grayson,Allen,1628960.0
410.p.6033,Chandler,Hutchison,1628990.0
410.p.6034,Aaron,Holiday,1628988.0
410.p.6035,Anfernee,Simons,1629014.0
410.p.6036,Moritz,Wagner,1629021.0
410.p.6037,Landry,Shamet,1629013.0
410.p.6038,Robert,Williams,1629057.0
410.p.6043,Jevon,Carter,1628975.0
410.p.6044,Jalen,Brunson,1628973.0
410.p.6045,Devonte',Graham,1628984.0
410.p.6046,Melvin,Frazier Jr.,1628982.0
410.p.6047,Mitchell,Robinson,1629011.0
410.p.6048,Gary,Trent Jr.,1629018.0
410.p.6049,Khyri,Thomas,1629017.0
410.p.6050,Isaac,Bonga,1629067.0
410.p.6052,Jarred,Vanderbilt,1629020.0
410.p.6053,Bruce,Brown,1628971.0
410.p.6056,Hamidou,Diallo,1628977.0
410.p.6057,De'Anthony,Melton,1629001.0
410.p.6058,Svi,Mykhailiuk,1629004.0
410.p.6059,Keita,Bates-Diop,1628966.0
410.p.6060,Chimezie,Metu,1629002.0
410.p.6061,Alize,Johnson,1628993.0
410.p.6065,Shake,Milton,1629003.0
410.p.6066,Arnoldas,Kulboka,1629083.0
410.p.6067,Ray,Spalding,1629034.0
410.p.6070,George,King,77268.0
410.p.6071,Kostas,Antetokounmpo,1628961.0
410.p.6072,Deonte,Burton,1629126.0
410.p.6073,Duncan,Robinson,1629130.0
410.p.6076,Kenrich,Williams,1629026.0
410.p.6083,Theo,Pinson,1629033.0
410.p.6092,Wenyen,Gabriel,1629117.0
410.p.6100,Norvel,Pelle,203658.0
410.p.6102,Brandon,Goodwin,1629164.0
410.p.6104,B.J.,Johnson,1629168.0
410.p.6109,Drew,Eubanks,1629234.0
410.p.6114,Kendrick,Nunn,1629134.0
410.p.6119,Chris,Chiozza,1629185.0
410.p.6121,Gary,Clark,1629109.0
410.p.6132,Yuta,Watanabe,1629139.0
410.p.6133,Jordan,McLaughlin,1629162.0
410.p.6135,Johnny,Hamilton,1629148.0
410.p.6144,Emanuel,Terry,1629150.0
410.p.6148,Cameron,Reynolds,1629244.0
410.p.6149,Paul,Watson,1628778.0
410.p.6155,Haywood,Highsmith,1629312.0
410.p.6163,Zion,Williamson,1629627.0
410.p.6164,Ja,Morant,1629630.0
410.p.6165,RJ,Barrett,1629628.0
410.p.6166,De'Andre,Hunter,1629631.0
410.p.6167,Darius,Garland,1629636.0
410.p.6168,Jarrett,Culver,1629633.0
410.p.6169,Coby,White,1629632.0
410.p.6170,Jaxson,Hayes,1629637.0
410.p.6171,Rui,Hachimura,1629060.0
410.p.6172,Cam,Reddish,1629629.0
410.p.6173,Cameron,Johnson,1629661.0
410.p.6174,PJ,Washington,1629023.0
410.p.6175,Tyler,Herro,1629639.0
410.p.6176,Romeo,Langford,1629641.0
410.p.6203,Sekou,Doumbouya,1629635.0
410.p.6204,Chuma,Okeke,1629643.0
410.p.6205,Nickeil,Alexander-Walker,1629638.0
410.p.6206,Goga,Bitadze,1629048.0
410.p.6207,Luka,Samanic,1629677.0
410.p.6208,Matisse,Thybulle,1629680.0
410.p.6209,Brandon,Clarke,1629634.0
410.p.6210,Grant,Williams,1629684.0
410.p.6211,Darius,Bazley,1629647.0
410.p.6212,Ty,Jerome,1629660.0
410.p.6213,Nassir,Little,1629642.0
410.p.6214,Dylan,Windler,1629685.0
410.p.6215,Mfiondu,Kabengele,1629662.0
410.p.6216,Jordan,Poole,1629673.0
410.p.6217,Keldon,Johnson,1629640.0
410.p.6218,Kevin,Porter Jr.,1629645.0
410.p.6219,Nicolas,Claxton,1629651.0
410.p.6220,KZ,Okpala,1629644.0
410.p.6221,Carsen,Edwards,1629035.0
410.p.6222,Bruno,Fernando,1628981.0
410.p.6223,Didi,Louzada,1629712.0
410.p.6224,Cody,Martin,1628998.0
410.p.6225,Deividas,Sirvydis,1629686.0
410.p.6226,Daniel,Gafford,1629655.0
410.p.6227,Alen,Smailagic,1629346.0
410.p.6228,Justin,James,1629713.0
410.p.6229,Eric,Paschall,1629672.0
410.p.6230,Admiral,Schofield,1629678.0
410.p.6231,Jaylen,Nowell,1629669.0
410.p.6232,Bol,Bol,1629626.0
410.p.6233,Isaiah,Roby,1629676.0
410.p.6234,Talen,Horton-Tucker,1629659.0
410.p.6235,Ignas,Brazdeikis,1629649.0
410.p.6236,Terance,Mann,1629611.0
410.p.6237,Quinndary,Weatherspoon,1629683.0
410.p.6238,Jarrell,Brantley,1629714.0
410.p.6239,Tremont,Waters,1629682.0
410.p.6240,Jalen,McDaniels,1629667.0
410.p.6243,Kyle,Guy,1629657.0
410.p.6246,Miye,Oni,1629671.0
410.p.6249,Jaylen,Hoard,1629658.0
410.p.6251,Jalen,Lecque,1629665.0
410.p.6252,Adam,Mokoka,1629690.0
410.p.6253,Naz,Reid,1629675.0
410.p.6254,Luguentz,Dort,1629652.0
410.p.6255,John,Konchar,1629723.0
410.p.6256,Dean,Wade,1629731.0
410.p.6257,Jeremiah,Martin,1629725.0
410.p.6258,Chris,Silva,1629735.0
410.p.6259,Garrison,Mathews,1629726.0
410.p.6264,Matt,Thomas,1629744.0
410.p.6266,Zylan,Cheatham,1629597.0
410.p.6267,Max,Strus,1629622.0
410.p.6268,Tacko,Fall,1629605.0
410.p.6269,Javonte,Green,1629750.0
410.p.6270,Nicolo,Melli,1629740.0
410.p.6271,Dakota,Mathias,1629751.0
410.p.6275,Caleb,Martin,1628997.0
410.p.6276,DaQuan,Jeffries,1629610.0
410.p.6279,Justin,Robinson,1629620.0
410.p.6280,Terence,Davis,1629056.0
410.p.6281,Kelan,Martin,1629103.0
410.p.6282,Tyler,Cook,1629076.0
410.p.6283,Hassani,Gravett,1629755.0
410.p.6284,Juwan,Morgan,1629752.0
410.p.6285,Armoni,Brooks,1629717.0
410.p.6289,Moses,Brown,1629650.0
410.p.6290,Oshae,Brissett,1629052.0
410.p.6292,Devontae,Cacok,1629719.0
410.p.6293,Charlie,Brown,1629718.0
410.p.6294,Brian,Bowen II,1628968.0
410.p.6307,Mychal,Mulder,1628539.0
410.p.6308,Robert,Franks,1629606.0
410.p.6312,Chris,Clemons,1629598.0
410.p.6315,Amir,Coffey,1629599.0
410.p.6322,Jared,Harper,1629607.0
410.p.6326,Marques,Bolden,1629716.0
410.p.6327,Daulton,Hommes,1629756.0
410.p.6329,Juan,Toscano-Anderson,1629308.0
410.p.6330,Keljin,Blevins,1629833.0
410.p.6334,Donta,Hall,1629743.0
410.p.6335,Louis,King,1629663.0
410.p.6337,Rayjon,Tucker,1629730.0
410.p.6342,Devin,Cannady,1629962.0
410.p.6353,Gabe,Vincent,1629216.0
410.p.6354,Jontay,Porter,1629007.0
410.p.6355,Anthony,Edwards,1630162.0
410.p.6356,James,Wiseman,1630164.0
410.p.6395,LaMelo,Ball,1630163.0
410.p.6396,Patrick,Williams,1630172.0
410.p.6397,Isaac,Okoro,1630171.0
410.p.6398,Onyeka,Okongwu,1630168.0
410.p.6399,Killian,Hayes,1630165.0
410.p.6400,Obi,Toppin,1630167.0
410.p.6401,Deni,Avdija,1630166.0
410.p.6402,Jalen,Smith,1630188.0
410.p.6403,Devin,Vassell,1630170.0
410.p.6404,Tyrese,Haliburton,1630169.0
410.p.6405,Kira,Lewis Jr.,1630184.0
410.p.6406,Aaron,Nesmith,1630174.0
410.p.6407,Cole,Anthony,1630175.0
410.p.6408,Isaiah,Stewart,1630191.0
410.p.6409,Aleksej,Pokusevski,1630197.0
410.p.6410,Josh,Green,1630182.0
410.p.6411,Saddiq,Bey,1630180.0
410.p.6412,Precious,Achiuwa,1630173.0
410.p.6413,Tyrese,Maxey,1630178.0
410.p.6414,Zeke,Nnaji,1630192.0
410.p.6415,Leandro,Bolmaro,1630195.0
410.p.6416,R.J.,Hampton,1630181.0
410.p.6417,Immanuel,Quickley,1630193.0
410.p.6418,Payton,Pritchard,1630202.0
410.p.6419,Udoka,Azubuike,1628962.0
410.p.6420,Jaden,McDaniels,1630183.0
410.p.6421,Malachi,Flynn,1630201.0
410.p.6422,Desmond,Bane,1630217.0
410.p.6423,Tyrell,Terry,1630179.0
410.p.6424,Vernon,Carey Jr.,1630176.0
410.p.6425,Daniel,Oturu,1630187.0
410.p.6426,Theo,Maledon,1630177.0
410.p.6427,Xavier,Tillman,1630214.0
410.p.6428,Tyler,Bey,1630189.0
410.p.6429,Vit,Krejci,1630249.0
410.p.6430,Saben,Lee,1630240.0
410.p.6431,Elijah,Hughes,1630190.0
410.p.6432,Robert,Woodard II,1630218.0
410.p.6433,Tre,Jones,1630200.0
410.p.6434,Nick,Richards,1630208.0
410.p.6435,Jahmi'us,Ramsey,1630186.0
410.p.6436,Marko,Simonovic,1630250.0
410.p.6437,Jordan,Nwora,1629670.0
410.p.6438,CJ,Elleby,1629604.0
410.p.6440,Nico,Mannion,1630185.0
410.p.6441,Isaiah,Joe,1630198.0
410.p.6442,Skylar,Mays,1630219.0
410.p.6444,KJ,Martin,1630231.0
410.p.6445,Cassius,Winston,1630216.0
410.p.6446,Cassius,Stanley,1630199.0
410.p.6447,Jay,Scrubb,1630206.0
410.p.6448,Grant,Riller,1630203.0
410.p.6449,Reggie,Perry,1629617.0
410.p.6450,Paul,Reed,1630194.0
410.p.6451,Jalen,Harris,1630223.0
410.p.6452,Sam,Merrill,1630241.0
410.p.6453,Mason,Jones,1630222.0
410.p.6454,Devon,Dotson,1629653.0
410.p.6455,Ty-Shon,Alexander,1630234.0
410.p.6456,Mamadi,Diakite,1629603.0
410.p.6459,Lamar,Stevens,1630205.0
410.p.6460,Killian,Tillie,1629681.0
410.p.6461,Sean,McDermott,1630253.0
410.p.6462,Nathan,Knight,1630233.0
410.p.6463,Jae'Sean,Tate,1630256.0
410.p.6464,Trent,Forrest,1630235.0
410.p.6465,Ashton,Hagans,1630204.0
410.p.6466,Markus,Howard,1630210.0
410.p.6468,Facundo,Campazzo,1630267.0
410.p.6469,Freddie,Gillespie,1630273.0
410.p.6471,Anthony,Gill,1630264.0
410.p.6472,Nate,Hinton,1630207.0
410.p.6474,Nate,Darling,1630268.0
410.p.6475,Javin,DeLaurier,1629602.0
410.p.6476,Xavier,Sneed,1630270.0
410.p.6478,Jordan,Bowden,
410.p.6480,Malik,Fitts,1630238.0
410.p.6483,Brodric,Thomas,1630271.0
410.p.6489,Myles,Powell,
410.p.6490,Jon,Teske,1630257.0
410.p.6492,Caleb,Homesley,1630258.0
410.p.6496,Anthony,Lamb,1630237.0
410.p.6497,Karim,Mane,1630211.0
410.p.6498,Josh,Hall,1630221.0
410.p.6499,Naji,Marshall,1630230.0
410.p.6500,Trevelin,Queen,1630243.0
410.p.6506,Shaq,Buchanan,1629783.0
410.p.6508,Gabriel,Deck,1630466.0
410.p.6509,Luca,Vildoza,1630492.0
410.p.6510,Elijah,Bryant,1629091.0
410.p.6511,Omer,Yurtseven,1630209.0
410.p.6512,Cade,Cunningham,1630595.0
410.p.6513,Jalen,Green,1630224.0
410.p.6514,Evan,Mobley,1630596.0
410.p.6515,Scottie,Barnes,1630567.0
410.p.6516,Jalen,Suggs,1630591.0
410.p.6548,Josh,Giddey,1630581.0
410.p.6549,Jonathan,Kuminga,1630228.0
410.p.6550,Franz,Wagner,1630532.0
410.p.6551,Davion,Mitchell,1630558.0
410.p.6552,Ziaire,Williams,1630533.0
410.p.6553,James,Bouknight,1630547.0
410.p.6554,Joshua,Primo,1630563.0
410.p.6555,Chris,Duarte,1630537.0
410.p.6556,Moses,Moody,1630541.0
410.p.6557,Corey,Kispert,1630557.0
410.p.6558,Alperen,Sengun,1630578.0
410.p.6559,Trey,Murphy III,1630530.0
410.p.6560,Tre,Mann,1630544.0
410.p.6561,Kai,Jones,1630539.0
410.p.6562,Jalen,Johnson,1630552.0
410.p.6563,Keon,Johnson,1630553.0
410.p.6564,Isaiah,Jackson,1630543.0
410.p.6565,Usman,Garuba,1630586.0
410.p.6566,Josh,Christopher,1630528.0
410.p.6567,Quentin,Grimes,1629656.0
410.p.6568,Bones,Hyland,1630538.0
410.p.6569,Cameron,Thomas,1630560.0
410.p.6570,Jaden,Springer,1630531.0
410.p.6571,Day'Ron,Sharpe,1630549.0
410.p.6572,Santi,Aldama,1630583.0
410.p.6573,Isaiah,Todd,1630225.0
410.p.6574,Jeremiah,Robinson-Earl,1630526.0
410.p.6575,Jason,Preston,1630554.0
410.p.6576,Rokas,Jokubaitis,
410.p.6577,Herbert,Jones,1630529.0
410.p.6578,Miles,McBride,1630540.0
410.p.6579,JT,Thor,1630550.0
410.p.6580,Ayo,Dosunmu,1630245.0
410.p.6581,Neemias,Queta,1629674.0
410.p.6582,Jared,Butler,1630215.0
410.p.6583,Joe,Wieskamp,1630580.0
410.p.6584,Isaiah,Livers,1630587.0
410.p.6585,Greg,Brown,1630535.0
410.p.6586,Kessler,Edwards,1630556.0
410.p.6587,Juhann,Begarin,
410.p.6588,Dalano,Banton,1630625.0
410.p.6589,David,Johnson,77139.0
410.p.6590,Sharife,Cooper,1630536.0
410.p.6591,Marcus,Zegarowski,
410.p.6592,Filip,Petrusev,
410.p.6593,Brandon,Boston Jr.,1630527.0
410.p.6594,Luka,Garza,1630568.0
410.p.6595,Charles,Bassey,1629646.0
410.p.6596,Sandro,Mamukelashvili,1630572.0
410.p.6597,Aaron,Wiggins,1630598.0
410.p.6598,Scottie,Lewis,1630575.0
410.p.6599,Balsa,Koprivica,
410.p.6600,Jericho,Sims,1630579.0
410.p.6601,RaiQuan,Gray,
410.p.6602,Georgios,Kalaitzakis,1630686.0
410.p.6603,AJ,Lawson,1630639.0
410.p.6604,Trendon,Watford,1630570.0
410.p.6605,Joel,Ayayi,1630555.0
410.p.6606,Austin,Reaves,1630559.0
410.p.6607,Duane,Washington Jr.,1630613.0
410.p.6608,McKinley,Wright IV,1630593.0
410.p.6609,Terry,Taylor,1630678.0
410.p.6610,Aaron,Henry,1630565.0
410.p.6611,Matthew,Hurt,
410.p.6612,Chris,Smith,1814.0
410.p.6613,Jose,Alvarado,1630631.0
410.p.6614,Jock,Landale,1629111.0
410.p.6615,Jaime,Echenique,1630693.0
410.p.6616,Jordan,Goodwin,1630692.0
410.p.6617,Jay,Huff,1630643.0
410.p.6618,MaCio,Teague,1630617.0
410.p.6619,Sam,Hauser,1630573.0
410.p.6620,Eugene,Omoruyi,1630647.0
410.p.6621,DeJon,Jarreau,1630610.0
410.p.6622,Aamir,Simms,1630603.0
410.p.6623,M.J.,Walker,1630640.0
410.p.6624,David,Duke Jr.,1630561.0
410.p.6625,D.J.,Carton,1630618.0
410.p.6626,Daishen,Nix,1630227.0
410.p.6627,Chaundee,Brown Jr.,1630602.0
410.p.6628,Mac,McClung,1630644.0
410.p.6629,Yves,Pons,1630582.0
410.p.6630,D.J.,Stewart Jr.,1630597.0
410.p.6631,Aaron,Sims,
410.p.6632,Justin,Champagnie,1630551.0
410.p.6633,Ish,Wainright,1630688.0
410.p.6634,Marcus,Garrett,1630585.0
410.p.6635,JaQuori,McLaughlin,1630605.0
410.p.6636,Jeff,Dowtin,1630288.0
410.p.6637,Ethan,Thompson,1630679.0
410.p.6638,Feron,Hunt,1630624.0
410.p.6639,Carlik,Jones,1630637.0
410.p.6640,Kevin,Pangos,1630698.0
410.p.6641,Moses,Wright,1630589.0
410.p.6642,Mitch,Ballock,1630642.0
410.p.6643,RJ,Nembhard,1630612.0
410.p.6644,Jamorko,Pickett,1630691.0
410.p.6645,Matt,Lewis,1630665.0
410.p.6646,Isaiah,Miller,1630627.0
410.p.6647,Rob,Edwards,1630306.0
410.p.6648,Derrick,Alston Jr.,1630247.0
410.p.6649,Jordan,Schakel,1630648.0
410.p.6650,Matt,Coleman III,1630645.0
410.p.6651,DJ,Steward,1630569.0
410.p.6652,Dru,Smith,1630696.0
410.p.6653,Javonte,Smart,1630606.0
410.p.6654,Matt,Ryan,1630346.0
410.p.6655,Micah,Potter,1630695.0
410.p.6656,Jeremiah,Tilmon,
410.p.6657,Denzel,Mahoney,
410.p.6658,Romeo,Weems,
410.p.6659,James,Banks III,
410.p.6660,Malcolm,Hill,
410.p.6661,Jalen,Crutcher,
410.p.6662,Cameron,McGriff,
410.p.6663,Brandon,Rachal,
410.p.6664,Giorgi,Bezhanishvili,
410.p.6665,Nino,Johnson,
410.p.6666,Ibi,Watson,
410.p.6667,Troy,Baxter,
410.p.6668,LJ,Figueroa,
